year,sector,food_type,tons_supply,surplus_quantity,tons_waste,tons_uneaten,tons_anaerobically_digested,tons_composted,tons_landfilled,meals_wasted,expiry_date,city,lat,lng,country,shelf_type,food_type_encoded
2019,Farm,dry goods,6428604.73,1230837.32,1081247.44,1201758.99,0.0,0.0,24666.8,2002931648.0,2025-11-13,Nairobi,-1.2864,36.8172,Kenya,shelf-stable,2
2019,Farm,produce,95442734.37,15517466.15,13628429.21,15264852.8,0.0,0.0,185655.33,25441421346.0,2025-09-30,Mombasa,-4.05,39.6667,Kenya,perishable,6
2019,Foodservice,breads & bakery,31107.73,570.81,482.15,556.45,0.14,72.23,432.69,927416.44,2025-08-19,Nakuru,-0.3,36.0667,Kenya,perishable,0
2019,Foodservice,dairy & eggs,14798.32,271.54,229.36,264.71,0.07,34.36,205.84,441182.96,2025-07-07,Eldoret,0.5167,35.2833,Kenya,refrigerated,1
2019,Foodservice,dry goods,26451.91,485.38,409.99,473.17,0.12,61.42,367.93,788612.23,2025-05-26,Kisumu,-0.0833,34.7667,Kenya,shelf-stable,2
2019,Foodservice,produce,317303.03,8141.74,6457.83,7923.09,2.2,1425.36,5689.24,13205142.89,2026-06-12,Wote,-1.7833,37.6333,Kenya,perishable,6
2019,Foodservice,ready-to-drink beverages,207337.34,5320.11,4219.78,5177.23,1.44,931.38,3717.56,8628720.4,2025-11-13,Kimilili,0.7833,34.7167,Kenya,shelf-stable,7
2019,Foodservice,breads & bakery,37646.67,965.98,796.21,941.03,0.25,140.82,705.3,1568387.47,2025-09-30,Bungoma,0.5667,34.5667,Kenya,perishable,0
2019,Foodservice,dairy & eggs,56248.52,1443.29,1189.64,1406.01,0.38,210.41,1053.81,2343354.24,2025-08-19,Isiolo,0.35,37.5833,Kenya,refrigerated,1
2019,Foodservice,dry goods,123690.99,3173.81,2616.02,3091.83,0.83,462.69,2317.33,5153056.34,2025-07-07,Meru,0.05,37.65,Kenya,shelf-stable,2
2019,Foodservice,fresh meat & seafood,96187.15,2468.09,2034.33,2404.34,0.64,359.81,1802.05,4007226.12,2025-05-26,Webuye,0.6167,34.7667,Kenya,refrigerated,3
2019,Foodservice,dairy & eggs,264280.17,4849.39,4140.43,4728.86,1.22,571.91,3740.41,7881436.64,2025-11-13,Nakuru,-0.3,36.0667,Kenya,refrigerated,1
2019,Foodservice,dry goods,868900.89,15943.82,13612.93,15547.56,4.0,1880.32,12297.72,25912603.16,2025-11-13,Eldoret,0.5167,35.2833,Kenya,shelf-stable,2
2019,Foodservice,fresh meat & seafood,284431.07,5219.14,4456.13,5089.43,1.31,615.51,4025.61,8482382.25,2025-09-30,Kisumu,-0.0833,34.7667,Kenya,refrigerated,3
2019,Foodservice,frozen,4289.05,78.7,67.2,76.75,0.02,9.28,60.7,127909.19,2025-08-19,Kikuyu,-1.25,36.6667,Kenya,frozen,4
2019,Foodservice,prepared foods,0.0,734537.14,638469.88,732359.77,10738.6,82551.91,577191.85,1220599622.0,2025-07-07,Lunga-Lunga,-4.555,39.1231,Kenya,refrigerated,5
2019,Foodservice,produce,117250.6,2151.48,1836.95,2098.01,0.54,253.73,1659.47,3496679.97,2025-05-26,Habaswein,1.01,39.49,Kenya,perishable,6
2019,Foodservice,prepared foods,0.0,376919.97,340522.52,375983.1,4061.92,31175.79,305546.49,2378673.49,2025-11-13,Meru,0.05,37.65,Kenya,refrigerated,5
2019,Foodservice,produce,295268.81,5418.01,4799.68,5289.09,1.3,475.23,4304.1,2378674.49,2025-09-30,Webuye,0.6167,34.7667,Kenya,perishable,6
2019,Foodservice,ready-to-drink beverages,92515.67,1697.61,1503.87,1657.22,0.41,148.9,1348.59,2378675.49,2025-08-19,Iten,0.6731,35.5083,Kenya,shelf-stable,7
2019,Foodservice,breads & bakery,434376.67,7970.56,6700.64,7769.0,2.03,1038.63,5945.9,2378676.49,2025-07-07,Homa Bay,-0.5167,34.45,Kenya,perishable,0
2019,Foodservice,dairy & eggs,649009.52,11908.94,10011.55,11607.8,3.03,1551.83,8883.87,2378677.49,2025-05-26,Rumuruti,0.26,36.5363,Kenya,refrigerated,1
2019,Foodservice,prepared foods,0.0,185674.66,151887.68,185111.17,3717.61,29414.37,132500.47,2378705.49,2025-11-13,Kikuyu,-1.25,36.6667,Kenya,refrigerated,5
2019,Foodservice,produce,157346.25,2886.67,2330.55,2810.5,0.77,466.81,2032.29,2378706.49,2025-09-30,Lunga-Lunga,-4.555,39.1231,Kenya,perishable,6
2019,Foodservice,ready-to-drink beverages,102815.76,1886.26,1522.87,1836.48,0.5,305.03,1327.97,2378707.49,2025-08-19,Habaswein,1.01,39.49,Kenya,shelf-stable,7
2019,Foodservice,breads & bakery,205499.74,5272.96,4354.39,5137.03,1.37,761.04,3875.66,2378708.49,2025-07-07,Ongata Rongai,-1.4,36.77,Kenya,perishable,0
2019,Foodservice,dairy & eggs,307040.63,7878.42,6505.96,7675.32,2.04,1137.08,5790.68,2378709.49,2025-05-26,Garissa,-0.4569,39.6583,Kenya,refrigerated,1
2019,Foodservice,fresh meat & seafood,1208957.67,22183.66,18801.11,21627.72,5.61,2747.6,17208.53,2378737.49,2025-11-13,Webuye,0.6167,34.7667,Kenya,refrigerated,3
2019,Foodservice,frozen,69898.78,1282.6,1087.03,1250.46,0.32,158.86,994.95,2378738.49,2025-09-30,Iten,0.6731,35.5083,Kenya,frozen,4
2019,Foodservice,prepared foods,0.0,599041.8,518175.78,587716.57,3958.13,61801.32,474235.5,2378739.49,2025-08-19,Homa Bay,-0.5167,34.45,Kenya,refrigerated,5
2019,Foodservice,produce,601836.82,11043.35,9359.47,10766.59,2.79,1367.79,8566.66,2378740.49,2025-07-07,Rumuruti,0.26,36.5363,Kenya,perishable,6
2019,Foodservice,ready-to-drink beverages,1257440.46,23073.29,19555.09,22495.05,5.83,2857.78,17898.64,2378741.49,2025-05-26,Maralal,1.1,36.7,Kenya,shelf-stable,7
2019,Foodservice,prepared foods,0.0,46198.94,39771.65,45288.72,304.0,4907.83,35354.13,2378769.49,2025-09-30,Lunga-Lunga,-4.555,39.1231,Kenya,refrigerated,5
2019,Foodservice,produce,41363.38,758.99,640.19,739.87,0.19,96.9,569.09,2378770.49,2025-08-19,Habaswein,1.01,39.49,Kenya,perishable,6
2019,Foodservice,ready-to-drink beverages,35112.8,644.3,543.45,628.07,0.16,82.26,483.09,2378771.49,2025-07-07,Ongata Rongai,-1.4,36.77,Kenya,shelf-stable,7
2019,Foodservice,breads & bakery,273873.35,5025.41,4087.78,4893.81,1.32,783.91,3742.88,2378772.49,2025-05-26,Garissa,-0.4569,39.6583,Kenya,perishable,0
2019,Foodservice,breads & bakery,39014.14,1000.71,867.57,976.27,0.25,105.62,765.66,2378800.49,2025-11-13,Webuye,0.6167,34.7667,Kenya,perishable,0
2019,Foodservice,dairy & eggs,58291.69,1495.18,1296.25,1458.67,0.37,157.8,1143.98,2378801.49,2026-11-13,Iten,0.6731,35.5083,Kenya,refrigerated,1
2019,Foodservice,dry goods,128183.93,3287.91,2850.48,3207.62,0.81,347.01,2515.63,2378802.49,2025-09-30,Homa Bay,-0.5167,34.45,Kenya,shelf-stable,2
2019,Foodservice,fresh meat & seafood,99681.03,2556.81,2216.65,2494.38,0.63,269.85,1956.25,2378803.49,2025-08-19,Rumuruti,0.26,36.5363,Kenya,refrigerated,3
2019,Foodservice,frozen,5889.67,151.07,130.97,147.38,0.04,15.94,115.59,2378804.49,2025-07-07,Maralal,1.1,36.7,Kenya,frozen,4
2019,Foodservice,prepared foods,0.0,67309.24,59351.87,67123.55,870.74,6879.37,52372.97,2378805.49,2025-05-26,Busia,0.4633,34.1053,Kenya,refrigerated,5
2019,Foodservice,prepared foods,0.0,47808.36,40721.63,47262.03,582.49,5771.71,35673.09,2378813.49,2025-11-13,Lodwar,3.1167,35.6,Kenya,refrigerated,5
2019,Foodservice,produce,81816.19,2099.34,1754.56,2045.91,0.54,283.27,1536.59,2378814.49,2025-09-30,Kerugoya,-0.5,37.2833,Kenya,perishable,6
2019,Foodservice,ready-to-drink beverages,53461.67,1371.78,1146.49,1336.87,0.35,185.1,1004.06,2378815.49,2025-08-19,Kwale,-4.1744,39.4603,Kenya,shelf-stable,7
2019,Foodservice,breads & bakery,120106.88,2203.89,1762.64,2145.18,0.59,372.11,1534.49,2378816.49,2025-07-07,Hola,-1.5,40.0333,Kenya,perishable,0
2019,Foodservice,dairy & eggs,179453.72,3292.87,2633.59,3205.15,0.88,555.97,2292.71,2378817.49,2025-05-26,Mwatate,-3.5047,38.3778,Kenya,refrigerated,1
2019,Manufacturing,prepared foods,0.0,28981.79,9106.07,19896.56,20.04,133.86,8080.79,2378845.49,2025-11-13,Ngong,-1.3667,36.6333,Kenya,refrigerated,5
2019,Manufacturing,produce,63244835.15,1947552.16,42130.13,1928269.47,21936.84,146546.09,38177.59,2378846.49,2025-09-30,Mumias,0.3333,34.4833,Kenya,perishable,6
2019,Manufacturing,ready-to-drink beverages,2948.6,53191.52,23952.89,30659.36,0.0,6706.48,20446.56,2378847.49,2025-08-19,Thika,-1.0396,37.09,Kenya,shelf-stable,7
2019,Residential,breads & bakery,8495101.11,1185033.12,798710.92,1185033.12,0.0,329879.42,653046.41,2378848.49,2025-07-07,Nyeri,-0.4167,36.95,Kenya,perishable,0
2019,Residential,dairy & eggs,25888287.39,5125529.07,4159215.12,5125529.07,0.0,911306.0,1524610.47,2378849.49,2025-05-26,Kakamega,0.2822,34.754,Kenya,refrigerated,1
2018,Foodservice,fresh meat & seafood,377360.95,10290.62,8356.8,10020.68,2.71,1618.25,7331.01,2378877.49,2025-11-13,Kerugoya,-0.5,37.2833,Kenya,refrigerated,3
2018,Foodservice,frozen,22296.43,608.02,493.76,592.07,0.16,95.61,433.15,2378878.49,2025-09-30,Kwale,-4.1744,39.4603,Kenya,frozen,4
2018,Foodservice,prepared foods,0.0,251959.12,207422.1,251278.8,4968.5,38780.03,182121.59,2378879.49,2025-08-19,Hola,-1.5,40.0333,Kenya,refrigerated,5
2018,Foodservice,produce,306879.2,8368.59,6795.96,8149.06,2.21,1316.0,5961.76,2378880.49,2025-07-07,Mwatate,-3.5047,38.3778,Kenya,perishable,6
2018,Foodservice,ready-to-drink beverages,200526.03,5468.34,4440.72,5324.89,1.44,859.92,3895.63,2378881.49,2025-05-26,Kabarnet,0.494,35.744,Kenya,shelf-stable,7
2018,Foodservice,fresh meat & seafood,327249.17,6718.46,5900.56,6556.92,1.63,637.52,5173.26,2378909.49,2025-11-13,Mumias,0.3333,34.4833,Kenya,refrigerated,3
2018,Foodservice,prepared foods,0.0,310536.51,278052.89,309747.7,3640.41,27852.46,243878.96,2378910.49,2025-09-30,Thika,-1.0396,37.09,Kenya,refrigerated,5
2018,Foodservice,produce,169127.52,3472.21,3049.5,3388.72,0.84,329.48,2673.62,2378911.49,2025-08-19,Nyeri,-0.4167,36.95,Kenya,perishable,6
2018,Foodservice,ready-to-drink beverages,83728.33,1718.95,1509.69,1677.62,0.42,163.11,1323.6,2378912.49,2025-07-07,Kakamega,0.2822,34.754,Kenya,shelf-stable,7
2018,Foodservice,breads & bakery,7358.43,151.07,113.78,146.81,0.04,32.14,102.03,2378913.49,2025-05-26,Wajir,1.75,40.05,Kenya,perishable,0
2018,Foodservice,produce,202361.21,4154.5,3677.17,4055.54,1.0,367.42,3378.9,2378941.49,2025-11-13,Kwale,-4.1744,39.4603,Kenya,perishable,6
2018,Foodservice,ready-to-drink beverages,67734.73,1390.6,1230.83,1357.48,0.34,122.98,1130.99,2378942.49,2025-09-30,Hola,-1.5,40.0333,Kenya,shelf-stable,7
2018,Foodservice,breads & bakery,3709.2,76.15,65.32,74.27,0.02,8.7,57.73,2378943.49,2025-08-19,Mwatate,-3.5047,38.3778,Kenya,perishable,0
2018,Foodservice,dairy & eggs,17336.63,355.92,305.3,347.12,0.09,40.65,269.83,2378944.49,2025-07-07,Kabarnet,0.494,35.744,Kenya,refrigerated,1
2018,Foodservice,dry goods,55387.37,1137.11,975.37,1109.0,0.28,129.86,862.05,2378945.49,2025-05-26,Migori,-1.0634,34.4731,Kenya,shelf-stable,2
2018,Foodservice,ready-to-drink beverages,581910.06,11946.68,10043.27,11644.59,3.04,1556.75,8912.02,2378973.49,2025-11-13,Thika,-1.0396,37.09,Kenya,shelf-stable,7
2018,Foodservice,breads & bakery,120491.03,2359.29,1995.33,2300.02,0.6,296.18,1760.0,2378974.49,2025-09-30,Nyeri,-0.4167,36.95,Kenya,perishable,0
2018,Foodservice,dairy & eggs,180027.69,3525.05,2981.26,3436.5,0.89,442.53,2629.65,2378975.49,2025-08-19,Kakamega,0.2822,34.754,Kenya,refrigerated,1
2018,Foodservice,dry goods,395882.45,7751.62,6555.82,7556.9,1.96,973.13,5782.62,2378976.49,2025-07-07,Wajir,1.75,40.05,Kenya,shelf-stable,2
2018,Foodservice,fresh meat & seafood,307854.29,6027.98,5098.07,5876.55,1.53,756.75,4496.8,2378977.49,2025-05-26,Ukunda,-4.2875,39.5661,Kenya,refrigerated,3
2018,Foodservice,ready-to-drink beverages,275446.22,7476.76,6173.84,7284.0,1.94,1079.52,5493.75,2379005.49,2025-11-13,Hola,-1.5,40.0333,Kenya,shelf-stable,7
2018,Foodservice,breads & bakery,117358.92,2409.39,2028.79,2348.57,0.61,310.88,1850.2,2379006.49,2025-09-30,Mwatate,-3.5047,38.3778,Kenya,perishable,0
2018,Foodservice,dairy & eggs,1021589.78,20973.36,17660.23,20443.94,5.34,2706.18,16105.67,2379007.49,2025-08-19,Kabarnet,0.494,35.744,Kenya,refrigerated,1
2018,Foodservice,dry goods,225725.79,4634.18,3902.12,4517.2,1.18,597.94,3558.63,2379008.49,2025-07-07,Migori,-1.0634,34.4731,Kenya,shelf-stable,2
2018,Foodservice,prepared foods,0.0,175319.17,150797.91,172190.88,1397.41,18895.67,137514.83,2379009.49,2025-05-26,Nyamira,-0.521,34.914,Kenya,refrigerated,5
2018,Foodservice,produce,218793.8,4491.86,3894.57,4382.19,1.11,473.77,3615.96,2379037.49,2025-11-13,Nyeri,-0.4167,36.95,Kenya,perishable,6
2018,Foodservice,ready-to-drink beverages,489007.62,10039.39,8704.43,9794.26,2.48,1058.89,8081.73,2379038.49,2025-09-30,Kakamega,0.2822,34.754,Kenya,shelf-stable,7
2018,Foodservice,breads & bakery,179657.49,3688.39,2800.36,3585.2,1.03,763.68,2381.95,2379039.49,2025-08-19,Wajir,1.75,40.05,Kenya,perishable,0
2018,Foodservice,dairy & eggs,1363669.33,27996.3,21255.8,27213.03,7.85,5796.66,18079.92,2379040.49,2025-07-07,Ukunda,-4.2875,39.5661,Kenya,refrigerated,1
2018,Foodservice,dry goods,551242.28,11317.07,8592.33,11000.45,3.17,2343.21,7308.53,2379041.49,2025-05-26,Nandi Hills,0.1003,35.1764,Kenya,shelf-stable,2
2018,Foodservice,breads & bakery,99085.88,2034.25,1718.2,1983.07,0.52,257.48,1577.46,2379069.49,2025-11-13,Mwatate,-3.5047,38.3778,Kenya,perishable,0
2018,Foodservice,dairy & eggs,150086.97,3081.3,2602.59,3003.79,0.78,390.01,2389.4,2379070.49,2025-09-30,Kabarnet,0.494,35.744,Kenya,refrigerated,1
2018,Foodservice,dry goods,1448685.78,29741.69,25120.97,28993.5,7.54,3764.5,23063.2,2379071.49,2025-08-19,Migori,-1.0634,34.4731,Kenya,shelf-stable,2
2018,Foodservice,fresh meat & seafood,617098.42,12669.1,10700.81,12350.4,3.21,1603.57,9824.26,2379072.49,2025-07-07,Nyamira,-0.521,34.914,Kenya,refrigerated,3
2018,Foodservice,prepared foods,0.0,234792.5,202523.18,230306.28,1617.54,24627.45,185926.23,2379073.49,2025-05-26,Sotik Post,-0.7813,35.3416,Kenya,refrigerated,5
2018,Foodservice,fresh meat & seafood,96771.45,2626.78,2195.72,2559.94,0.67,354.12,1922.75,2379101.49,2025-11-13,Kakamega,0.2822,34.754,Kenya,refrigerated,3
2018,Foodservice,frozen,5717.76,155.2,129.73,151.25,0.04,20.92,113.61,2379102.49,2025-09-30,Wajir,1.75,40.05,Kenya,frozen,4
2018,Foodservice,prepared foods,0.0,45315.17,38614.83,44807.07,559.59,5456.12,33824.23,2379103.49,2025-08-19,Ukunda,-4.2875,39.5661,Kenya,refrigerated,5
2018,Foodservice,produce,78696.92,2136.16,1785.61,2081.81,0.55,287.98,1563.62,2379104.49,2025-07-07,Nandi Hills,0.1003,35.1764,Kenya,perishable,6
2018,Foodservice,ready-to-drink beverages,51423.43,1395.85,1166.78,1360.33,0.36,188.17,1021.73,2379105.49,2025-05-26,Narok,-1.0833,35.8667,Kenya,shelf-stable,7
2018,Manufacturing,fresh meat & seafood,46170426.68,825662.96,18652.75,807010.15,0.0,0.0,17726.44,2379133.49,2025-11-13,Kabarnet,0.494,35.744,Kenya,refrigerated,3
2018,Manufacturing,frozen,0.0,197279.26,48440.27,149490.7,625.86,4181.01,44077.24,2379134.49,2025-09-30,Migori,-1.0634,34.4731,Kenya,frozen,4
2018,Manufacturing,prepared foods,0.0,32050.46,10070.25,22003.26,22.16,148.04,8943.61,2379135.49,2025-08-19,Nyamira,-0.521,34.914,Kenya,refrigerated,5
2018,Manufacturing,produce,63913801.38,1972045.92,42659.99,1952520.72,22212.73,148389.15,38561.74,2379136.49,2025-07-07,Sotik Post,-0.7813,35.3416,Kenya,perishable,6
2018,Manufacturing,ready-to-drink beverages,3014.7,54646.37,24600.83,31509.0,0.0,6908.18,21069.77,2379137.49,2025-05-26,Murang’A,-0.7167,37.15,Kenya,shelf-stable,7
2017,Foodservice,dairy & eggs,219495.85,6310.32,5167.83,6146.22,1.65,951.48,4533.86,2379165.49,2025-11-13,Wajir,1.75,40.05,Kenya,refrigerated,1
2017,Foodservice,dry goods,482673.28,13876.46,11364.11,13515.6,3.63,2092.3,9970.0,2379166.49,2025-09-30,Ukunda,-4.2875,39.5661,Kenya,shelf-stable,2
2017,Foodservice,fresh meat & seafood,375346.37,10790.9,8837.2,10510.28,2.82,1627.06,7753.08,2379167.49,2025-08-19,Nandi Hills,0.1003,35.1764,Kenya,refrigerated,3
2017,Foodservice,frozen,22177.4,637.58,522.15,621.0,0.17,96.14,458.09,2379168.49,2025-07-07,Narok,-1.0833,35.8667,Kenya,frozen,4
2017,Foodservice,prepared foods,0.0,248023.5,206035.18,247420.02,4733.0,36558.94,180913.88,2379169.49,2025-05-26,Embu,-0.5389,37.4583,Kenya,refrigerated,5
2017,Foodservice,dairy & eggs,32149.65,771.46,677.54,752.91,0.19,73.2,594.03,2379197.49,2025-11-13,Migori,-1.0634,34.4731,Kenya,refrigerated,1
2017,Foodservice,dry goods,149525.19,3588.0,3151.19,3501.72,0.87,340.47,2762.78,2379198.49,2025-09-30,Nyamira,-0.521,34.914,Kenya,shelf-stable,2
2017,Foodservice,fresh meat & seafood,312993.19,7510.56,6596.22,7329.97,1.83,712.68,5783.18,2379199.49,2025-08-19,Sotik Post,-0.7813,35.3416,Kenya,refrigerated,3
2017,Foodservice,prepared foods,0.0,294136.43,263417.57,293451.05,3481.13,26366.58,231043.28,2379200.49,2025-07-07,Murang’A,-0.7167,37.15,Kenya,refrigerated,5
2017,Foodservice,produce,161759.81,3881.58,3409.03,3788.24,0.94,368.32,2988.84,2379201.49,2025-05-26,Siaya,0.0667,34.2833,Kenya,perishable,6
2017,Foodservice,fresh meat & seafood,137430.08,3297.76,2918.86,3219.21,0.79,291.65,2682.11,2379229.49,2025-11-13,Ukunda,-4.2875,39.5661,Kenya,refrigerated,3
2017,Foodservice,prepared foods,0.0,449614.39,405945.29,448619.61,4950.76,37462.58,373197.46,2379230.49,2025-09-30,Nandi Hills,0.1003,35.1764,Kenya,refrigerated,5
2017,Foodservice,produce,199099.81,4777.58,4228.66,4663.79,1.15,422.53,3885.66,2379231.49,2025-08-19,Narok,-1.0833,35.8667,Kenya,perishable,6
2017,Foodservice,ready-to-drink beverages,66643.06,1599.16,1415.43,1561.07,0.39,141.43,1300.62,2379232.49,2025-07-07,Embu,-0.5389,37.4583,Kenya,shelf-stable,7
2017,Foodservice,breads & bakery,3693.76,88.64,76.03,86.44,0.02,10.12,67.19,2379233.49,2025-05-26,Kitale,1.0167,35.0,Kenya,perishable,0
2017,Foodservice,prepared foods,0.0,1813057.1,1550953.25,1807999.29,29833.82,225649.09,1377198.42,2379261.49,2025-11-13,Nyamira,-0.521,34.914,Kenya,refrigerated,5
2017,Foodservice,produce,879173.73,21096.59,17735.37,20563.12,5.38,2749.06,15737.69,2379262.49,2025-09-30,Sotik Post,-0.7813,35.3416,Kenya,perishable,6
2017,Foodservice,ready-to-drink beverages,574484.07,13785.28,11588.93,13436.69,3.51,1796.33,10283.58,2379263.49,2025-08-19,Murang’A,-0.7167,37.15,Kenya,shelf-stable,7
2017,Foodservice,breads & bakery,116993.06,2244.87,1894.57,2188.35,0.57,285.59,1670.52,2379264.49,2025-07-07,Siaya,0.0667,34.2833,Kenya,perishable,0
2017,Foodservice,dairy & eggs,174801.3,3354.11,2830.71,3269.65,0.85,426.7,2495.95,2379265.49,2025-05-26,Kapenguria,1.2333,35.1167,Kenya,refrigerated,1
2017,Foodservice,prepared foods,0.0,531420.04,445713.8,530506.48,9959.33,74697.57,396876.5,2379293.49,2025-11-13,Nandi Hills,0.1003,35.1764,Kenya,refrigerated,5
2017,Foodservice,produce,419693.95,11448.03,9457.17,11153.03,2.97,1649.05,8418.65,2379294.49,2025-09-30,Narok,-1.0833,35.8667,Kenya,perishable,6
2017,Foodservice,ready-to-drink beverages,274243.28,7480.56,6179.66,7287.79,1.94,1077.55,5501.05,2379295.49,2025-08-19,Embu,-0.5389,37.4583,Kenya,shelf-stable,7
2017,Foodservice,breads & bakery,115109.11,2762.15,2325.82,2692.43,0.7,356.4,2121.08,2379296.49,2025-07-07,Kitale,1.0167,35.0,Kenya,perishable,0
2017,Foodservice,dairy & eggs,1002005.57,24044.05,20245.86,23437.13,6.12,3102.39,18463.69,2379297.49,2025-05-26,Wundanyi,-3.3983,38.3603,Kenya,refrigerated,1
2017,Foodservice,fresh meat & seafood,314367.29,7543.54,6540.46,7359.35,1.86,795.65,6072.56,2379325.49,2025-11-13,Sotik Post,-0.7813,35.3416,Kenya,refrigerated,3
2017,Foodservice,prepared foods,0.0,167433.87,148347.65,164843.81,1083.85,14524.55,137728.28,2379326.49,2025-09-30,Murang’A,-0.7167,37.15,Kenya,refrigerated,5
2017,Foodservice,produce,216193.89,5187.77,4497.95,5061.11,1.28,547.17,4176.17,2379327.49,2025-08-19,Siaya,0.0667,34.2833,Kenya,perishable,6
2017,Foodservice,ready-to-drink beverages,483196.78,11594.76,10052.98,11311.65,2.86,1222.94,9333.81,2379328.49,2025-07-07,Kapenguria,1.2333,35.1167,Kenya,shelf-stable,7
2017,Foodservice,breads & bakery,177165.41,4251.25,3227.7,4132.31,1.19,880.23,2745.44,2379329.49,2025-05-26,Ol Kalou,-0.273,36.378,Kenya,perishable,0
2017,Foodservice,produce,137635.31,3302.69,2686.48,3216.2,0.87,515.19,2459.81,2379357.49,2025-11-13,Narok,-1.0833,35.8667,Kenya,perishable,6
2017,Foodservice,ready-to-drink beverages,77923.93,1869.86,1520.98,1820.89,0.49,291.68,1392.65,2379358.49,2025-09-30,Embu,-0.5389,37.4583,Kenya,shelf-stable,7
2017,Foodservice,breads & bakery,96434.88,2314.04,1954.53,2255.83,0.59,292.9,1794.43,2379359.49,2025-08-19,Kitale,1.0167,35.0,Kenya,perishable,0
2017,Foodservice,dairy & eggs,146071.46,3505.12,2960.56,3416.94,0.89,443.65,2718.05,2379360.49,2025-07-07,Wundanyi,-3.3983,38.3603,Kenya,refrigerated,1
2017,Foodservice,dry goods,1409926.85,33832.5,28576.22,32981.41,8.58,4282.28,26235.42,2379361.49,2025-05-26,El Wak,2.8028,40.9275,Kenya,shelf-stable,2
2017,Foodservice,dairy & eggs,54895.63,1497.39,1253.86,1459.36,0.38,199.8,1098.54,2379389.49,2025-11-13,Murang’A,-0.7167,37.15,Kenya,refrigerated,1
2017,Foodservice,dry goods,120715.96,3292.78,2757.24,3209.15,0.84,439.36,2415.69,2379390.49,2025-09-30,Siaya,0.0667,34.2833,Kenya,shelf-stable,2
2017,Foodservice,fresh meat & seafood,93873.64,2560.6,2144.14,2495.57,0.66,341.67,1878.54,2379391.49,2025-08-19,Kapenguria,1.2333,35.1167,Kenya,refrigerated,3
2017,Foodservice,frozen,5546.54,151.29,126.69,147.45,0.04,20.19,110.99,2379392.49,2025-07-07,Ol Kalou,-0.273,36.378,Kenya,frozen,4
2017,Foodservice,prepared foods,0.0,43899.99,37476.45,43412.35,537.12,5229.53,32843.94,2379393.49,2025-05-26,Nairobi,-1.2864,36.8172,Kenya,refrigerated,5
2017,Manufacturing,dairy & eggs,172299056.7,4356183.31,3425884.63,4268149.26,795986.65,0.0,40462.49,2379421.49,2025-11-13,Embu,-0.5389,37.4583,Kenya,refrigerated,1
2017,Manufacturing,dry goods,47390242.08,3150033.41,269306.16,3035231.79,2454.54,653407.17,162188.33,2379422.49,2025-09-30,Kitale,1.0167,35.0,Kenya,shelf-stable,2
2017,Manufacturing,fresh meat & seafood,47702698.86,846780.44,18702.37,828078.02,0.0,0.0,17783.23,2379423.49,2025-08-19,Wundanyi,-3.3983,38.3603,Kenya,refrigerated,3
2017,Manufacturing,frozen,0.0,199144.88,49407.96,150375.6,613.37,4097.52,45263.85,2379424.49,2025-07-07,El Wak,2.8028,40.9275,Kenya,frozen,4
2017,Manufacturing,prepared foods,0.0,28249.13,8875.87,19393.57,19.53,130.48,7898.33,2379425.49,2025-05-26,Wote,-1.7833,37.6333,Kenya,refrigerated,5
2016,Foodservice,ready-to-drink beverages,21324.97,664.07,565.63,647.52,0.17,79.6,505.84,2379453.49,2025-11-13,Siaya,0.0667,34.2833,Kenya,shelf-stable,7
2016,Foodservice,breads & bakery,145982.67,4080.7,3342.07,3974.59,1.07,615.12,2931.47,2379454.49,2025-09-30,Kapenguria,1.2333,35.1167,Kenya,perishable,0
2016,Foodservice,dairy & eggs,218115.18,6097.05,4993.45,5938.51,1.6,919.06,4379.95,2379455.49,2025-08-19,Ol Kalou,-0.273,36.378,Kenya,refrigerated,1
2016,Foodservice,dry goods,479637.18,13407.47,10980.63,13058.83,3.51,2021.03,9631.55,2379456.49,2025-07-07,Nairobi,-1.2864,36.8172,Kenya,shelf-stable,2
2016,Foodservice,fresh meat & seafood,372985.37,10426.19,8538.98,10155.07,2.73,1571.63,7489.89,2379457.49,2025-05-26,Mombasa,-4.05,39.6667,Kenya,refrigerated,3
2016,Foodservice,ready-to-drink beverages,53288.2,1246.13,1033.46,1214.15,0.32,175.7,917.32,2379485.49,2025-11-13,Kitale,1.0167,35.0,Kenya,shelf-stable,7
2016,Foodservice,breads & bakery,93715.03,2918.33,2563.05,2848.15,0.71,276.92,2247.13,2379486.49,2025-09-30,Wundanyi,-3.3983,38.3603,Kenya,perishable,0
2016,Foodservice,dairy & eggs,32677.95,1017.61,893.72,993.14,0.25,96.56,783.56,2379487.49,2025-08-19,El Wak,2.8028,40.9275,Kenya,refrigerated,1
2016,Foodservice,dry goods,151982.25,4732.79,4156.62,4618.99,1.15,449.1,3644.28,2379488.49,2025-07-07,Wote,-1.7833,37.6333,Kenya,shelf-stable,2
2016,Foodservice,fresh meat & seafood,318136.43,9906.91,8700.84,9668.69,2.41,940.07,7628.38,2379489.49,2025-05-26,Kimilili,0.7833,34.7167,Kenya,refrigerated,3
2016,Foodservice,dairy & eggs,133596.19,4160.24,3682.25,4061.15,1.0,367.93,3383.57,2379517.49,2025-11-13,Kapenguria,1.2333,35.1167,Kenya,refrigerated,1
2016,Foodservice,dry goods,591746.22,18427.24,16310.03,17988.31,4.44,1629.7,14987.07,2379518.49,2025-09-30,Ol Kalou,-0.273,36.378,Kenya,shelf-stable,2
2016,Foodservice,fresh meat & seafood,132793.02,4135.23,3660.11,4036.73,1.0,365.72,3363.23,2379519.49,2025-08-19,Nairobi,-1.2864,36.8172,Kenya,refrigerated,3
2016,Foodservice,prepared foods,0.0,425806.22,384603.0,425050.75,4781.64,35434.64,353580.24,2379520.49,2025-07-07,Mombasa,-4.05,39.6667,Kenya,refrigerated,5
2016,Foodservice,produce,192381.92,5990.86,5302.53,5848.16,1.44,529.83,4872.43,2379521.49,2025-05-26,Nakuru,-0.3,36.0667,Kenya,perishable,6
2016,Foodservice,fresh meat & seafood,1068418.9,33271.03,27970.11,32429.7,8.48,4335.49,24819.62,2379549.49,2025-11-13,Wundanyi,-3.3983,38.3603,Kenya,refrigerated,3
2016,Foodservice,frozen,63127.71,1965.82,1652.62,1916.11,0.5,256.16,1466.47,2379550.49,2025-09-30,El Wak,2.8028,40.9275,Kenya,frozen,4
2016,Foodservice,prepared foods,0.0,1756181.49,1502825.56,1752083.61,29474.91,218362.11,1334480.69,2379551.49,2025-08-19,Wote,-1.7833,37.6333,Kenya,refrigerated,5
2016,Foodservice,produce,868864.53,27056.82,22745.98,26372.63,6.9,3525.72,20183.92,2379552.49,2025-07-07,Kimilili,0.7833,34.7167,Kenya,perishable,6
2016,Foodservice,ready-to-drink beverages,567747.67,17679.91,14863.05,17232.84,4.51,2303.84,13188.91,2379553.49,2025-05-26,Bungoma,0.5667,34.5667,Kenya,shelf-stable,7
2016,Foodservice,fresh meat & seafood,516874.01,12086.98,9998.5,11775.96,3.13,1728.37,8899.91,2379581.49,2025-11-13,Ol Kalou,-0.273,36.378,Kenya,refrigerated,3
2016,Foodservice,frozen,30539.59,714.16,590.76,695.78,0.19,102.12,525.85,2379582.49,2025-09-30,Nairobi,-1.2864,36.8172,Kenya,frozen,4
2016,Foodservice,prepared foods,0.0,541618.16,454796.38,540462.97,9902.2,75593.68,404936.93,2379583.49,2025-08-19,Mombasa,-4.05,39.6667,Kenya,refrigerated,5
2016,Foodservice,produce,420334.66,9829.43,8131.02,9576.5,2.55,1405.55,7237.63,2379584.49,2025-07-07,Nakuru,-0.3,36.0667,Kenya,perishable,6
2016,Foodservice,ready-to-drink beverages,274661.94,6422.91,5313.11,6257.63,1.66,918.44,4729.33,2379585.49,2025-05-26,Eldoret,0.5167,35.2833,Kenya,shelf-stable,7
2016,Foodservice,dairy & eggs,338477.3,10540.33,9138.77,10282.97,2.6,1111.73,8484.99,2379613.49,2025-11-13,El Wak,2.8028,40.9275,Kenya,refrigerated,1
2016,Foodservice,dry goods,258565.53,8051.84,6981.18,7855.25,1.99,849.26,6481.75,2379614.49,2025-09-30,Wote,-1.7833,37.6333,Kenya,shelf-stable,2
2016,Foodservice,fresh meat & seafood,309816.39,9647.82,8364.93,9412.25,2.38,1017.59,7766.52,2379615.49,2025-08-19,Kimilili,0.7833,34.7167,Kenya,refrigerated,3
2016,Foodservice,prepared foods,0.0,151536.06,134517.8,149312.48,1064.84,12893.13,124887.89,2379616.49,2025-07-07,Bungoma,0.5667,34.5667,Kenya,refrigerated,5
2016,Foodservice,produce,213064.18,6634.91,5752.66,6472.91,1.64,699.81,5341.12,2379617.49,2025-05-26,Isiolo,0.35,37.5833,Kenya,perishable,6
2016,Foodservice,fresh meat & seafood,216579.05,6744.37,5486.01,6567.75,1.78,1052.05,5023.14,2379645.49,2025-11-13,Nairobi,-1.2864,36.8172,Kenya,refrigerated,3
2016,Foodservice,prepared foods,0.0,138025.59,115018.77,135360.03,1554.16,17709.25,105309.42,2379646.49,2025-09-30,Mombasa,-4.05,39.6667,Kenya,refrigerated,5
2016,Foodservice,produce,131848.12,4105.81,3339.75,3998.29,1.08,640.46,3057.97,2379647.49,2025-08-19,Nakuru,-0.3,36.0667,Kenya,perishable,6
2016,Foodservice,ready-to-drink beverages,74647.44,2324.55,1890.84,2263.68,0.61,362.61,1731.31,2379648.49,2025-07-07,Eldoret,0.5167,35.2833,Kenya,shelf-stable,7
2016,Foodservice,breads & bakery,93512.8,2912.03,2459.61,2838.77,0.74,368.58,2258.13,2379649.49,2025-05-26,Kisumu,-0.0833,34.7667,Kenya,perishable,0
2016,Foodservice,ready-to-drink beverages,51839.6,1449.09,1258.31,1413.77,0.36,151.04,1112.05,2379677.49,2025-11-13,Wote,-1.7833,37.6333,Kenya,shelf-stable,7
2016,Foodservice,breads & bakery,35304.56,825.59,692.41,804.66,0.21,109.12,606.83,2379678.49,2025-09-30,Kimilili,0.7833,34.7167,Kenya,perishable,0
2016,Foodservice,dairy & eggs,52749.13,1233.53,1034.55,1202.25,0.32,163.04,906.68,2379679.49,2025-08-19,Bungoma,0.5667,34.5667,Kenya,refrigerated,1
2016,Foodservice,dry goods,115995.8,2712.54,2274.98,2643.77,0.69,358.54,1993.79,2379680.49,2025-07-07,Isiolo,0.35,37.5833,Kenya,shelf-stable,2
2016,Foodservice,fresh meat & seafood,90203.05,2109.38,1769.12,2055.9,0.54,278.81,1550.45,2379681.49,2025-05-26,Meru,0.05,37.65,Kenya,refrigerated,3
2016,Foodservice,ready-to-drink beverages,97626.37,3040.13,2479.08,2960.72,0.8,468.41,2208.15,2379709.49,2025-11-13,Mombasa,-4.05,39.6667,Kenya,shelf-stable,7
2016,Manufacturing,breads & bakery,111512.71,83594.47,14560.68,68638.57,0.0,0.0,12826.64,2379710.49,2025-09-30,Nakuru,-0.3,36.0667,Kenya,perishable,0
2016,Manufacturing,dairy & eggs,160942670.9,4078251.17,3210318.64,3997914.94,746415.74,0.0,36099.77,2379711.49,2025-08-19,Eldoret,0.5167,35.2833,Kenya,refrigerated,1
2016,Manufacturing,dry goods,48702574.54,3162634.58,272066.26,3046854.38,2748.51,655660.7,163539.88,2379712.49,2025-07-07,Kisumu,-0.0833,34.7667,Kenya,shelf-stable,2
2016,Manufacturing,fresh meat & seafood,46057037.68,825536.58,19295.44,806241.08,0.0,0.0,18329.98,2379713.49,2025-05-26,Kikuyu,-1.25,36.6667,Kenya,refrigerated,3
2015,Foodservice,prepared foods,0.0,26070.49,22658.6,25847.5,304.94,2812.4,20277.36,2379741.49,2025-11-13,Kimilili,0.7833,34.7167,Kenya,refrigerated,5
2015,Foodservice,produce,47660.84,1125.68,960.09,1097.67,0.28,133.72,859.05,2379742.49,2025-09-30,Bungoma,0.5667,34.5667,Kenya,perishable,6
2015,Foodservice,ready-to-drink beverages,20500.11,484.18,412.96,472.13,0.12,57.52,369.5,2379743.49,2025-08-19,Isiolo,0.35,37.5833,Kenya,shelf-stable,7
2015,Foodservice,breads & bakery,141434.36,3492.45,2852.15,3401.36,0.92,534.12,2501.47,2379744.49,2025-07-07,Meru,0.05,37.65,Kenya,perishable,0
2015,Foodservice,dairy & eggs,211319.47,5218.12,4261.45,5082.03,1.37,798.03,3737.49,2379745.49,2025-05-26,Webuye,0.6167,34.7667,Kenya,refrigerated,1
2015,Foodservice,prepared foods,0.0,69424.99,58586.65,69197.6,1170.99,9407.14,52031.11,2379773.49,2025-11-13,Nakuru,-0.3,36.0667,Kenya,refrigerated,5
2015,Foodservice,produce,82192.55,1902.93,1582.68,1854.25,0.49,264.05,1404.61,2379774.49,2025-09-30,Eldoret,0.5167,35.2833,Kenya,perishable,6
2015,Foodservice,ready-to-drink beverages,53707.6,1243.44,1034.18,1211.63,0.32,172.54,917.82,2379775.49,2025-08-19,Kisumu,-0.0833,34.7667,Kenya,shelf-stable,7
2015,Foodservice,breads & bakery,91211.32,2154.28,1892.01,2102.47,0.52,204.42,1658.81,2379776.49,2025-07-07,Kikuyu,-1.25,36.6667,Kenya,perishable,0
2015,Foodservice,dairy & eggs,31804.92,751.18,659.74,733.12,0.18,71.28,578.42,2379777.49,2025-05-26,Lunga-Lunga,-4.555,39.1231,Kenya,refrigerated,1
2015,Foodservice,ready-to-drink beverages,321410.5,7591.24,6481.44,7402.57,1.9,895.26,5855.24,2379805.49,2025-11-13,Bungoma,0.5667,34.5667,Kenya,shelf-stable,7
2015,Foodservice,breads & bakery,91535.31,2161.93,1913.53,2110.43,0.52,191.2,1758.32,2379806.49,2025-09-30,Isiolo,0.35,37.5833,Kenya,perishable,0
2015,Foodservice,dairy & eggs,129991.78,3070.21,2717.46,2997.08,0.74,271.53,2497.04,2379807.49,2025-08-19,Meru,0.05,37.65,Kenya,refrigerated,1
2015,Foodservice,dry goods,575780.98,13599.09,12036.61,13275.16,3.28,1202.7,11060.28,2379808.49,2025-07-07,Webuye,0.6167,34.7667,Kenya,shelf-stable,2
2015,Foodservice,fresh meat & seafood,129210.28,3051.75,2701.12,2979.06,0.74,269.9,2482.02,2379809.49,2025-05-26,Iten,0.6731,35.5083,Kenya,refrigerated,3
2015,Foodservice,dairy & eggs,608092.91,14362.25,12073.98,13999.07,3.66,1871.52,10713.99,2379837.49,2025-11-13,Eldoret,0.5167,35.2833,Kenya,refrigerated,1
2015,Foodservice,dry goods,1337201.6,31582.71,26550.78,30784.07,8.05,4115.48,23560.16,2379838.49,2025-09-30,Kisumu,-0.0833,34.7667,Kenya,shelf-stable,2
2015,Foodservice,fresh meat & seafood,1039862.33,24560.0,20646.96,23938.94,6.26,3200.37,18321.33,2379839.49,2025-08-19,Kikuyu,-1.25,36.6667,Kenya,refrigerated,3
2015,Foodservice,frozen,61440.44,1451.13,1219.93,1414.44,0.37,189.09,1082.52,2379840.49,2025-07-07,Lunga-Lunga,-4.555,39.1231,Kenya,frozen,4
2015,Foodservice,prepared foods,0.0,1745737.41,1493338.58,1740826.2,28696.41,217281.34,1326037.44,2379841.49,2025-05-26,Habaswein,1.01,39.49,Kenya,refrigerated,5
2015,Foodservice,dairy & eggs,297156.3,6879.79,5695.46,6702.91,1.78,979.61,5061.15,2379869.49,2025-11-13,Isiolo,0.35,37.5833,Kenya,refrigerated,1
2015,Foodservice,dry goods,653449.29,15128.72,12524.37,14739.75,3.92,2154.17,11129.52,2379870.49,2025-09-30,Meru,0.05,37.65,Kenya,shelf-stable,2
2015,Foodservice,fresh meat & seafood,508148.74,11764.71,9739.46,11462.23,3.05,1675.17,8654.76,2379871.49,2025-08-19,Webuye,0.6167,34.7667,Kenya,refrigerated,3
2015,Foodservice,frozen,30024.05,695.12,575.46,677.25,0.18,98.98,511.37,2379872.49,2025-07-07,Iten,0.6731,35.5083,Kenya,frozen,4
2015,Foodservice,prepared foods,0.0,533026.87,447942.06,531877.93,9692.9,74073.75,398163.6,2379873.49,2025-05-26,Homa Bay,-0.5167,34.45,Kenya,refrigerated,5
2015,Foodservice,ready-to-drink beverages,1120218.03,26457.88,22423.6,25794.82,6.69,3276.99,20524.16,2379901.49,2025-11-13,Kisumu,-0.0833,34.7667,Kenya,shelf-stable,7
2015,Foodservice,breads & bakery,277506.16,6554.28,5682.75,6394.25,1.62,691.3,5276.21,2379902.49,2025-09-30,Kikuyu,-1.25,36.6667,Kenya,perishable,0
2015,Foodservice,dairy & eggs,324123.96,7655.32,6637.38,7468.41,1.89,807.44,6162.55,2379903.49,2025-08-19,Lunga-Lunga,-4.555,39.1231,Kenya,refrigerated,1
2015,Foodservice,dry goods,247600.89,5847.96,5070.35,5705.18,1.44,616.81,4707.63,2379904.49,2025-07-07,Habaswein,1.01,39.49,Kenya,shelf-stable,2
2015,Foodservice,fresh meat & seafood,296678.43,7007.1,6075.36,6836.01,1.73,739.07,5640.73,2379905.49,2025-05-26,Ongata Rongai,-1.4,36.77,Kenya,refrigerated,3
2015,Foodservice,dairy & eggs,333090.66,7867.1,6399.27,7661.08,2.07,1227.19,5859.35,2379933.49,2025-11-13,Meru,0.05,37.65,Kenya,refrigerated,1
2015,Foodservice,dry goods,481550.97,11373.52,9251.46,11075.67,3.0,1774.15,8470.89,2379934.49,2025-09-30,Webuye,0.6167,34.7667,Kenya,shelf-stable,2
2015,Foodservice,fresh meat & seafood,207305.81,4896.25,3982.72,4768.03,1.29,763.77,3646.68,2379935.49,2025-08-19,Iten,0.6731,35.5083,Kenya,refrigerated,3
2015,Foodservice,prepared foods,0.0,143008.43,118954.36,140171.75,1490.48,18650.14,108913.16,2379936.49,2025-07-07,Homa Bay,-0.5167,34.45,Kenya,refrigerated,5
2015,Foodservice,produce,126202.8,2980.72,2424.58,2902.66,0.79,464.96,2220.01,2379937.49,2025-05-26,Rumuruti,0.26,36.5363,Kenya,perishable,6
2015,Foodservice,prepared foods,0.0,66830.8,59086.11,66637.52,840.89,6688.43,52233.52,2379965.49,2025-11-13,Kikuyu,-1.25,36.6667,Kenya,refrigerated,5
2015,Foodservice,produce,79958.2,1974.41,1716.23,1926.35,0.49,204.14,1517.31,2379966.49,2025-09-30,Lunga-Lunga,-4.555,39.1231,Kenya,perishable,6
2015,Foodservice,ready-to-drink beverages,52247.6,1290.15,1121.45,1258.75,0.32,133.39,991.46,2379967.49,2025-08-19,Habaswein,1.01,39.49,Kenya,shelf-stable,7
2015,Foodservice,breads & bakery,33270.56,770.28,646.47,750.77,0.2,101.4,566.99,2379968.49,2025-07-07,Ongata Rongai,-1.4,36.77,Kenya,perishable,0
2015,Foodservice,dairy & eggs,49710.11,1150.89,965.9,1121.74,0.29,151.51,847.15,2379969.49,2025-05-26,Garissa,-0.4569,39.6583,Kenya,refrigerated,1
2015,Foodservice,prepared foods,0.0,103664.2,86626.55,103275.51,1804.33,14786.32,77287.63,2379997.49,2025-11-13,Webuye,0.6167,34.7667,Kenya,refrigerated,5
2015,Foodservice,produce,142677.84,3369.84,2777.44,3282.79,0.88,491.41,2477.8,2379998.49,2025-09-30,Iten,0.6731,35.5083,Kenya,perishable,6
2015,Foodservice,ready-to-drink beverages,93230.88,2201.97,1814.88,2145.09,0.57,321.11,1619.09,2379999.49,2025-08-19,Homa Bay,-0.5167,34.45,Kenya,shelf-stable,7
2015,Manufacturing,breads & bakery,110788.51,81184.02,14098.88,66700.07,0.0,0.0,12408.05,2380000.49,2025-07-07,Rumuruti,0.26,36.5363,Kenya,perishable,0
2015,Manufacturing,dairy & eggs,159171409.7,4036962.34,3174332.83,3955031.76,737453.89,0.0,37838.14,2380001.49,2025-05-26,Maralal,1.1,36.7,Kenya,refrigerated,1
2014,Foodservice,fresh meat & seafood,57477.33,1357.53,1156.89,1323.72,0.34,162.15,1034.1,2380029.49,2025-11-13,Lunga-Lunga,-4.555,39.1231,Kenya,refrigerated,3
2014,Foodservice,frozen,129.91,3.07,2.61,2.99,0.0,0.37,2.34,2380030.49,2025-09-30,Habaswein,1.01,39.49,Kenya,frozen,4
2014,Foodservice,prepared foods,0.0,25031.1,21737.15,24816.19,294.44,2715.51,19433.42,2380031.49,2025-08-19,Ongata Rongai,-1.4,36.77,Kenya,refrigerated,5
2014,Foodservice,produce,45760.67,1080.8,921.06,1053.88,0.27,129.09,823.3,2380032.49,2025-07-07,Garissa,-0.4569,39.6583,Kenya,perishable,6
2014,Foodservice,ready-to-drink beverages,19682.8,464.88,396.17,453.3,0.12,55.53,354.12,2380033.49,2025-05-26,Molo,-0.25,35.7333,Kenya,shelf-stable,7
2014,Foodservice,fresh meat & seafood,101340.23,2346.24,1906.17,2284.72,0.62,368.17,1699.13,2380061.49,2025-11-13,Iten,0.6731,35.5083,Kenya,refrigerated,3
2014,Foodservice,frozen,5987.7,138.63,112.63,134.99,0.04,21.75,100.39,2380062.49,2025-09-30,Homa Bay,-0.5167,34.45,Kenya,frozen,4
2014,Foodservice,prepared foods,0.0,69610.67,57310.93,69376.99,1331.88,10697.1,51119.13,2380063.49,2025-08-19,Rumuruti,0.26,36.5363,Kenya,refrigerated,5
2014,Foodservice,produce,82412.37,1908.02,1550.14,1857.99,0.5,299.4,1381.78,2380064.49,2025-07-07,Maralal,1.1,36.7,Kenya,perishable,6
2014,Foodservice,ready-to-drink beverages,53851.24,1246.77,1012.92,1214.08,0.33,195.64,902.9,2380065.49,2025-05-26,Busia,0.4633,34.1053,Kenya,shelf-stable,7
2014,Foodservice,prepared foods,0.0,648939.03,564213.3,647223.51,9623.81,72879.11,510067.33,2380093.49,2025-11-13,Habaswein,1.01,39.49,Kenya,refrigerated,5
2014,Foodservice,produce,105104.68,2482.42,2119.5,2420.72,0.62,292.76,1914.73,2380094.49,2025-09-30,Ongata Rongai,-1.4,36.77,Kenya,perishable,6
2014,Foodservice,ready-to-drink beverages,304037.28,7180.91,6131.1,7002.44,1.8,846.87,5538.75,2380095.49,2025-08-19,Garissa,-0.4569,39.6583,Kenya,shelf-stable,7
2014,Foodservice,breads & bakery,86533.26,2043.79,1808.96,1995.1,0.49,180.75,1662.23,2380096.49,2025-07-07,Molo,-0.25,35.7333,Kenya,perishable,0
2014,Foodservice,dairy & eggs,122888.24,2902.44,2568.96,2833.3,0.7,256.69,2360.58,2380097.49,2025-05-26,Kitenkela,-1.5167,36.85,Kenya,refrigerated,1
2014,Foodservice,ready-to-drink beverages,75629.95,1786.27,1582.41,1743.76,0.43,156.68,1419.02,2380125.49,2025-11-13,Homa Bay,-0.5167,34.45,Kenya,shelf-stable,7
2014,Foodservice,breads & bakery,384851.08,9089.61,7641.4,8859.76,2.32,1184.45,6780.69,2380126.49,2025-09-30,Rumuruti,0.26,36.5363,Kenya,perishable,0
2014,Foodservice,dairy & eggs,575012.51,13580.94,11417.15,13237.51,3.46,1769.71,10131.15,2380127.49,2025-08-19,Maralal,1.1,36.7,Kenya,refrigerated,1
2014,Foodservice,dry goods,1264457.51,29864.6,25106.41,29109.41,7.61,3891.6,22278.48,2380128.49,2025-07-07,Busia,0.4633,34.1053,Kenya,shelf-stable,2
2014,Foodservice,fresh meat & seafood,983293.57,23223.93,19523.76,22636.66,5.92,3026.27,17324.65,2380129.49,2025-05-26,Mandera,3.9167,41.8333,Kenya,refrigerated,3
2014,Foodservice,ready-to-drink beverages,73424.88,1512.55,1227.21,1472.84,0.4,238.89,1066.01,2380157.49,2025-11-13,Ongata Rongai,-1.4,36.77,Kenya,shelf-stable,7
2014,Foodservice,breads & bakery,194528.5,4503.74,3730.18,4388.0,1.17,639.65,3306.0,2380158.49,2025-09-30,Garissa,-0.4569,39.6583,Kenya,perishable,0
2014,Foodservice,dairy & eggs,290648.31,6729.12,5573.32,6556.19,1.74,955.71,4939.55,2380159.49,2025-08-19,Molo,-0.25,35.7333,Kenya,refrigerated,1
2014,Foodservice,dry goods,639138.17,14797.39,12255.79,14417.12,3.83,2101.61,10862.11,2380160.49,2025-07-07,Kitenkela,-1.5167,36.85,Kenya,shelf-stable,2
2014,Foodservice,fresh meat & seafood,497019.83,11507.05,9530.6,11211.34,2.98,1634.3,8446.82,2380161.49,2025-05-26,Kiambu,-1.1667,36.8167,Kenya,refrigerated,3
2014,Foodservice,prepared foods,0.0,474515.69,411007.9,465737.65,3334.54,48305.77,376152.83,2380189.49,2025-11-13,Rumuruti,0.26,36.5363,Kenya,refrigerated,5
2014,Foodservice,produce,508223.21,12003.47,10173.19,11702.65,3.03,1486.71,9311.45,2380190.49,2025-09-30,Maralal,1.1,36.7,Kenya,perishable,6
2014,Foodservice,ready-to-drink beverages,1061850.01,25079.31,21255.24,24450.8,6.34,3106.24,19454.77,2380191.49,2025-08-19,Busia,0.4633,34.1053,Kenya,shelf-stable,7
2014,Foodservice,breads & bakery,263069.17,6213.3,5387.11,6061.59,1.53,655.34,5001.72,2380192.49,2025-07-07,Mandera,3.9167,41.8333,Kenya,perishable,0
2014,Foodservice,dairy & eggs,307261.72,7257.06,6292.08,7079.87,1.79,765.43,5841.95,2380193.49,2025-05-26,Kericho,-0.3692,35.2839,Kenya,refrigerated,1
2014,Foodservice,ready-to-drink beverages,30602.94,722.8,609.66,704.59,0.18,92.28,541.95,2380221.49,2025-11-13,Garissa,-0.4569,39.6583,Kenya,shelf-stable,7
2014,Foodservice,breads & bakery,216537.39,5114.29,4160.07,4980.36,1.35,797.78,3809.08,2380222.49,2025-09-30,Molo,-0.25,35.7333,Kenya,perishable,0
2014,Foodservice,dairy & eggs,315626.04,7454.62,6063.74,7259.4,1.96,1162.84,5552.13,2380223.49,2025-08-19,Kitenkela,-1.5167,36.85,Kenya,refrigerated,1
2014,Foodservice,dry goods,456302.27,10777.18,8766.39,10494.95,2.84,1681.13,8026.74,2380224.49,2025-07-07,Kiambu,-1.1667,36.8167,Kenya,shelf-stable,2
2014,Foodservice,fresh meat & seafood,196436.35,4639.53,3773.9,4518.04,1.22,723.72,3455.48,2380225.49,2025-05-26,Ramu,3.9375,41.2203,Kenya,refrigerated,3
2014,Foodservice,fresh meat & seafood,96642.8,2386.41,2071.92,2328.23,0.59,249.03,1833.7,2380253.49,2025-11-13,Maralal,1.1,36.7,Kenya,refrigerated,3
2014,Foodservice,frozen,5710.16,141.0,122.42,137.56,0.03,14.71,108.34,2380254.49,2025-09-30,Busia,0.4633,34.1053,Kenya,frozen,4
2014,Foodservice,prepared foods,0.0,65689.15,58005.37,65498.91,834.47,6637.17,51333.43,2380255.49,2025-08-19,Mandera,3.9167,41.8333,Kenya,refrigerated,5
2014,Foodservice,produce,78592.31,1940.68,1684.94,1893.38,0.48,202.52,1491.21,2380256.49,2025-07-07,Kericho,-0.3692,35.2839,Kenya,perishable,6
2014,Foodservice,ready-to-drink beverages,51355.07,1268.11,1101.0,1237.2,0.31,132.33,974.41,2380257.49,2025-05-26,Kitui,-1.3667,38.0167,Kenya,shelf-stable,7
2014,Foodservice,fresh meat & seafood,169938.51,4013.69,3315.65,3910.26,1.04,578.2,2955.51,2380285.49,2025-11-13,Molo,-0.25,35.7333,Kenya,refrigerated,3
2014,Foodservice,frozen,10040.85,237.15,195.91,231.04,0.06,34.16,174.63,2380286.49,2025-09-30,Kitenkela,-1.5167,36.85,Kenya,frozen,4
2014,Foodservice,prepared foods,0.0,100409.46,84107.76,100033.88,1725.95,14144.35,74980.54,2380287.49,2025-08-19,Kiambu,-1.1667,36.8167,Kenya,refrigerated,5
2014,Foodservice,produce,138198.18,3264.03,2696.36,3179.92,0.85,470.21,2403.49,2380288.49,2025-07-07,Ramu,3.9375,41.2203,Kenya,perishable,6
2014,Foodservice,ready-to-drink beverages,90303.71,2132.84,1761.9,2077.88,0.55,307.25,1570.53,2380289.49,2025-05-26,Kilifi,-3.6333,39.85,Kenya,shelf-stable,7
2013,Foodservice,dairy & eggs,13260.29,313.19,267.81,305.42,0.08,36.55,239.06,2380317.49,2025-11-13,Busia,0.4633,34.1053,Kenya,refrigerated,1
2013,Foodservice,dry goods,23702.71,559.82,478.71,545.93,0.14,65.34,427.31,2380318.49,2025-09-30,Mandera,3.9167,41.8333,Kenya,shelf-stable,2
2013,Foodservice,fresh meat & seafood,56491.07,1334.23,1140.91,1301.13,0.33,155.72,1018.42,2380319.49,2025-08-19,Kericho,-0.3692,35.2839,Kenya,refrigerated,3
2013,Foodservice,frozen,127.68,3.02,2.58,2.94,0.0,0.35,2.3,2380320.49,2025-07-07,Kitui,-1.3667,38.0167,Kenya,frozen,4
2013,Foodservice,prepared foods,0.0,24601.58,21438.7,24393.68,282.56,2606.11,19140.81,2380321.49,2025-05-26,Lamu,-2.2694,40.9022,Kenya,refrigerated,5
2013,Foodservice,dairy & eggs,58595.02,1356.6,1109.05,1321.26,0.36,206.37,987.6,2380349.49,2025-11-13,Kitenkela,-1.5167,36.85,Kenya,refrigerated,1
2013,Foodservice,dry goods,128850.95,2983.17,2438.82,2905.45,0.78,453.81,2171.74,2380350.49,2025-09-30,Kiambu,-1.1667,36.8167,Kenya,shelf-stable,2
2013,Foodservice,fresh meat & seafood,100199.74,2319.83,1896.52,2259.4,0.61,352.9,1688.83,2380351.49,2025-08-19,Ramu,3.9375,41.2203,Kenya,refrigerated,3
2013,Foodservice,frozen,5920.32,137.07,112.06,133.5,0.04,20.85,99.79,2380352.49,2025-07-07,Kilifi,-3.6333,39.85,Kenya,frozen,4
2013,Foodservice,prepared foods,0.0,68827.26,57039.97,68597.7,1275.7,10246.46,50825.82,2380353.49,2025-05-26,Malindi,-3.2236,40.13,Kenya,refrigerated,5
2013,Foodservice,fresh meat & seafood,246935.93,5832.26,4979.62,5687.31,1.46,687.82,4498.51,2380381.49,2025-11-13,Mandera,3.9167,41.8333,Kenya,refrigerated,3
2013,Foodservice,frozen,3723.64,87.95,75.09,85.76,0.02,10.37,67.83,2380382.49,2025-09-30,Kericho,-0.3692,35.2839,Kenya,frozen,4
2013,Foodservice,prepared foods,0.0,628498.39,546441.4,626836.91,9320.67,70583.52,494000.94,2380383.49,2025-08-19,Kitui,-1.3667,38.0167,Kenya,refrigerated,5
2013,Foodservice,produce,101794.04,2404.22,2052.74,2344.47,0.6,283.54,1854.42,2380384.49,2025-07-07,Lamu,-2.2694,40.9022,Kenya,perishable,6
2013,Foodservice,ready-to-drink beverages,294460.54,6954.72,5937.98,6781.87,1.74,820.2,5364.29,2380385.49,2025-05-26,Kajiado,-1.85,36.7833,Kenya,shelf-stable,7
2013,Foodservice,prepared foods,0.0,294086.22,265761.74,293445.15,3213.71,24303.34,238466.62,2380413.49,2025-11-13,Kiambu,-1.1667,36.8167,Kenya,refrigerated,5
2013,Foodservice,produce,233684.91,5519.29,4889.4,5387.96,1.33,484.12,4384.56,2380414.49,2025-09-30,Ramu,3.9375,41.2203,Kenya,perishable,6
2013,Foodservice,ready-to-drink beverages,73219.78,1729.34,1531.98,1688.19,0.42,151.69,1373.8,2380415.49,2025-08-19,Kilifi,-3.6333,39.85,Kenya,shelf-stable,7
2013,Foodservice,breads & bakery,372593.8,8800.11,7398.03,8577.58,2.24,1146.73,6564.73,2380416.49,2025-07-07,Malindi,-3.2236,40.13,Kenya,perishable,0
2013,Foodservice,dairy & eggs,556698.7,13148.39,11053.52,12815.91,3.35,1713.34,9808.47,2380417.49,2025-05-26,Vihiga,0.05,34.725,Kenya,refrigerated,1
2013,Foodservice,prepared foods,0.0,123538.26,101805.27,123197.69,2417.91,18920.57,88527.72,2380445.49,2025-11-13,Kericho,-0.3692,35.2839,Kenya,refrigerated,5
2013,Foodservice,produce,105850.02,2180.51,1772.52,2123.37,0.57,341.22,1540.89,2380446.49,2025-09-30,Kitui,-1.3667,38.0167,Kenya,perishable,6
2013,Foodservice,ready-to-drink beverages,69166.25,1424.82,1158.23,1387.49,0.38,222.97,1006.88,2380447.49,2025-08-19,Lamu,-2.2694,40.9022,Kenya,shelf-stable,7
2013,Foodservice,breads & bakery,191394.56,4431.18,3681.25,4317.68,1.14,618.82,3263.6,2380448.49,2025-07-07,Kajiado,-1.85,36.7833,Kenya,perishable,0
2013,Foodservice,dairy & eggs,285965.85,6620.71,5500.22,6451.12,1.71,924.58,4876.21,2380449.49,2025-05-26,Kapsabet,0.3333,35.1667,Kenya,refrigerated,1
2013,Foodservice,fresh meat & seafood,982152.77,23196.98,19659.92,22615.64,5.86,2873.1,17994.59,2380477.49,2025-11-13,Ramu,3.9375,41.2203,Kenya,refrigerated,3
2013,Foodservice,frozen,56785.51,1341.19,1136.69,1307.58,0.34,166.12,1040.4,2380478.49,2025-09-30,Kilifi,-3.6333,39.85,Kenya,frozen,4
2013,Foodservice,prepared foods,0.0,456502.1,395405.2,448057.3,3207.95,46471.98,361873.3,2380479.49,2025-08-19,Malindi,-3.2236,40.13,Kenya,refrigerated,5
2013,Foodservice,produce,488930.02,11547.8,9787.0,11258.4,2.92,1430.27,8957.97,2380480.49,2025-07-07,Vihiga,0.05,34.725,Kenya,perishable,6
2013,Foodservice,ready-to-drink beverages,1021540.01,24127.25,20448.34,23522.6,6.1,2988.32,18716.22,2380481.49,2025-05-26,Machakos,-1.5167,37.2667,Kenya,shelf-stable,7
2013,Foodservice,prepared foods,0.0,36256.28,31255.43,35555.58,254.28,3798.38,27783.81,2380509.49,2025-11-13,Kitui,-1.3667,38.0167,Kenya,refrigerated,5
2013,Foodservice,produce,34684.13,819.19,690.96,798.55,0.21,104.58,614.22,2380510.49,2025-09-30,Lamu,-2.2694,40.9022,Kenya,perishable,6
2013,Foodservice,ready-to-drink beverages,29442.88,695.4,586.55,677.88,0.18,88.78,521.41,2380511.49,2025-08-19,Kajiado,-1.85,36.7833,Kenya,shelf-stable,7
2013,Foodservice,breads & bakery,208243.84,4918.41,4000.74,4789.61,1.3,767.22,3663.19,2380512.49,2025-07-07,Kapsabet,0.3333,35.1667,Kenya,perishable,0
2013,Foodservice,dairy & eggs,303537.31,7169.1,5831.5,6981.36,1.89,1118.31,5339.48,2380513.49,2025-05-26,Marsabit,2.3333,37.9833,Kenya,refrigerated,1
2013,Foodservice,dairy & eggs,55878.96,1379.82,1199.19,1346.23,0.34,142.85,1061.33,2380541.49,2025-11-13,Kilifi,-3.6333,39.85,Kenya,refrigerated,1
2013,Foodservice,dry goods,122878.32,3034.24,2637.04,2960.36,0.75,314.13,2333.88,2380542.49,2025-09-30,Malindi,-3.2236,40.13,Kenya,shelf-stable,2
2013,Foodservice,fresh meat & seafood,95555.18,2359.55,2050.67,2302.1,0.58,244.28,1814.92,2380543.49,2025-08-19,Vihiga,0.05,34.725,Kenya,refrigerated,3
2013,Foodservice,frozen,5645.89,139.41,121.16,136.02,0.03,14.43,107.24,2380544.49,2025-07-07,Machakos,-1.5167,37.2667,Kenya,frozen,4
2013,Foodservice,prepared foods,0.0,64949.88,57413.31,64762.0,818.32,6508.88,50809.69,2380545.49,2025-05-26,Kisii,-0.6833,34.7667,Kenya,refrigerated,5
2013,Foodservice,dairy & eggs,97108.27,2293.55,1918.41,2235.23,0.59,308.02,1713.52,2380573.49,2025-11-13,Lamu,-2.2694,40.9022,Kenya,refrigerated,1
2013,Foodservice,dry goods,213541.92,5043.54,4218.61,4915.3,1.29,677.35,3768.04,2380574.49,2025-09-30,Kajiado,-1.85,36.7833,Kenya,shelf-stable,2
2013,Foodservice,fresh meat & seafood,166058.88,3922.06,3280.56,3822.34,1.0,526.73,2930.18,2380575.49,2025-08-19,Kapsabet,0.3333,35.1667,Kenya,refrigerated,3
2013,Foodservice,frozen,9811.62,231.74,193.83,225.84,0.06,31.12,173.13,2380576.49,2025-07-07,Marsabit,2.3333,37.9833,Kenya,frozen,4
2013,Foodservice,prepared foods,0.0,98117.14,83271.19,97755.01,1569.4,12863.46,74384.68,2380577.49,2025-05-26,Lodwar,3.1167,35.6,Kenya,refrigerated,5
2012,Farm,produce,102467389.9,15516051.66,13625384.9,15269259.42,0.0,0.0,178917.64,2380605.49,2025-11-13,Malindi,-3.2236,40.13,Kenya,perishable,6
2012,Foodservice,breads & bakery,26941.84,636.33,547.01,620.63,0.16,71.55,489.06,2380606.49,2025-09-30,Vihiga,0.05,34.725,Kenya,perishable,0
2012,Foodservice,dairy & eggs,12816.55,302.71,260.22,295.24,0.08,34.04,232.65,2380607.49,2025-08-19,Machakos,-1.5167,37.2667,Kenya,refrigerated,1
2012,Foodservice,dry goods,22909.52,541.09,465.14,527.74,0.13,60.84,415.87,2380608.49,2025-07-07,Kisii,-0.6833,34.7667,Kenya,shelf-stable,2
2012,Foodservice,fresh meat & seafood,54600.64,1289.59,1108.57,1257.78,0.32,145.0,991.14,2380609.49,2025-05-26,Ngong,-1.3667,36.6333,Kenya,refrigerated,3
2012,Foodservice,ready-to-drink beverages,169527.24,3924.91,3142.6,3820.47,1.05,659.37,2758.8,2380637.49,2025-11-13,Kajiado,-1.85,36.7833,Kenya,shelf-stable,7
2012,Foodservice,breads & bakery,38882.88,900.22,731.76,876.63,0.24,140.9,650.74,2380638.49,2025-09-30,Kapsabet,0.3333,35.1667,Kenya,perishable,0
2012,Foodservice,dairy & eggs,58095.57,1345.03,1093.33,1309.79,0.35,210.51,972.28,2380639.49,2025-08-19,Marsabit,2.3333,37.9833,Kenya,refrigerated,1
2012,Foodservice,dry goods,127752.66,2957.74,2404.25,2880.23,0.78,462.92,2138.06,2380640.49,2025-07-07,Lodwar,3.1167,35.6,Kenya,shelf-stable,2
2012,Foodservice,fresh meat & seafood,99345.66,2300.06,1869.64,2239.78,0.61,359.99,1662.64,2380641.49,2025-05-26,Kerugoya,-0.5,37.2833,Kenya,refrigerated,3
2012,Foodservice,dairy & eggs,223635.31,5281.93,4509.74,5150.66,1.32,622.92,4074.04,2380669.49,2025-11-13,Vihiga,0.05,34.725,Kenya,refrigerated,1
2012,Foodservice,dry goods,735268.62,17365.95,14827.15,16934.34,4.35,2048.03,13394.63,2380670.49,2025-09-30,Machakos,-1.5167,37.2667,Kenya,shelf-stable,2
2012,Foodservice,fresh meat & seafood,240687.11,5684.67,4853.6,5543.39,1.43,670.42,4384.68,2380671.49,2025-08-19,Kisii,-0.6833,34.7667,Kenya,refrigerated,3
2012,Foodservice,frozen,3629.42,85.72,73.19,83.59,0.02,10.11,66.12,2380672.49,2025-07-07,Ngong,-1.3667,36.6333,Kenya,frozen,4
2012,Foodservice,prepared foods,0.0,612593.96,532613.46,610974.52,9084.81,68797.37,481500.03,2380673.49,2025-05-26,Mumias,0.3333,34.4833,Kenya,refrigerated,5
2012,Foodservice,dry goods,159692.61,3771.7,3341.26,3681.96,0.91,330.83,2996.26,2380701.49,2025-11-13,Kapsabet,0.3333,35.1667,Kenya,shelf-stable,2
2012,Foodservice,fresh meat & seafood,236427.1,5584.06,4946.78,5451.19,1.34,489.8,4436.01,2380702.49,2025-09-30,Marsabit,2.3333,37.9833,Kenya,refrigerated,3
2012,Foodservice,prepared foods,0.0,286536.87,258939.5,285912.26,3131.22,23679.46,232345.06,2380703.49,2025-08-19,Lodwar,3.1167,35.6,Kenya,refrigerated,5
2012,Foodservice,produce,227686.1,5377.61,4763.89,5249.65,1.29,471.69,4272.0,2380704.49,2025-07-07,Kerugoya,-0.5,37.2833,Kenya,perishable,6
2012,Foodservice,ready-to-drink beverages,71340.19,1684.95,1492.65,1644.86,0.41,147.79,1338.53,2380705.49,2025-05-26,Kwale,-4.1744,39.4603,Kenya,shelf-stable,7
2012,Foodservice,fresh meat & seafood,125443.04,2584.13,2103.91,2516.52,0.68,401.28,1827.41,2380733.49,2025-11-13,Machakos,-1.5167,37.2667,Kenya,refrigerated,3
2012,Foodservice,frozen,7411.82,152.68,124.31,148.69,0.04,23.71,107.97,2380734.49,2025-09-30,Kisii,-0.6833,34.7667,Kenya,frozen,4
2012,Foodservice,prepared foods,0.0,119060.47,98277.75,118732.77,2311.93,18091.49,85386.76,2380735.49,2025-08-19,Ngong,-1.3667,36.6333,Kenya,refrigerated,5
2012,Foodservice,produce,102013.37,2101.47,1710.95,2046.49,0.55,326.33,1486.09,2380736.49,2025-07-07,Mumias,0.3333,34.4833,Kenya,perishable,6
2012,Foodservice,ready-to-drink beverages,66659.24,1373.18,1118.0,1337.25,0.36,213.24,971.07,2380737.49,2025-05-26,Thika,-1.0396,37.09,Kenya,shelf-stable,7
2012,Foodservice,dairy & eggs,1764872.61,41683.66,35327.76,40639.02,10.53,5162.8,32335.25,2380765.49,2025-11-13,Marsabit,2.3333,37.9833,Kenya,refrigerated,1
2012,Foodservice,dry goods,614230.59,14507.21,12295.16,14143.64,3.67,1796.82,11253.67,2380766.49,2025-09-30,Lodwar,3.1167,35.6,Kenya,shelf-stable,2
2012,Foodservice,fresh meat & seafood,950756.76,22455.46,19031.46,21892.7,5.67,2781.26,17419.36,2380767.49,2025-08-19,Kerugoya,-0.5,37.2833,Kenya,refrigerated,3
2012,Foodservice,frozen,54970.28,1298.32,1100.35,1265.78,0.33,160.81,1007.14,2380768.49,2025-07-07,Kwale,-4.1744,39.4603,Kenya,frozen,4
2012,Foodservice,prepared foods,0.0,441909.32,382765.47,433734.47,3105.4,44986.44,350305.47,2380769.49,2025-05-26,Hola,-1.5,40.0333,Kenya,refrigerated,5
2012,Foodservice,fresh meat & seafood,28218.65,666.48,562.16,649.69,0.17,85.09,499.73,2380797.49,2025-11-13,Kisii,-0.6833,34.7667,Kenya,refrigerated,3
2012,Foodservice,frozen,114192.98,2697.07,2274.91,2629.12,0.68,344.33,2022.25,2380798.49,2025-09-30,Ngong,-1.3667,36.6333,Kenya,frozen,4
2012,Foodservice,prepared foods,0.0,35099.11,30257.87,34420.77,246.16,3677.15,26897.05,2380799.49,2025-08-19,Mumias,0.3333,34.4833,Kenya,refrigerated,5
2012,Foodservice,produce,33577.14,793.04,668.91,773.06,0.2,101.25,594.62,2380800.49,2025-07-07,Thika,-1.0396,37.09,Kenya,perishable,6
2012,Foodservice,ready-to-drink beverages,28503.17,673.2,567.83,656.24,0.17,85.95,504.76,2380801.49,2025-05-26,Nyeri,-0.4167,36.95,Kenya,shelf-stable,7
2012,Foodservice,ready-to-drink beverages,222944.71,5265.62,4392.75,5131.35,1.35,718.12,3917.03,2380829.49,2025-11-13,Lodwar,3.1167,35.6,Kenya,shelf-stable,7
2012,Foodservice,breads & bakery,36538.43,902.25,784.18,880.28,0.22,93.36,694.83,2380830.49,2025-09-30,Kerugoya,-0.5,37.2833,Kenya,perishable,0
2012,Foodservice,dairy & eggs,54592.68,1348.06,1171.66,1315.24,0.33,139.5,1038.15,2380831.49,2025-08-19,Kwale,-4.1744,39.4603,Kenya,refrigerated,1
2012,Foodservice,dry goods,120049.78,2964.4,2576.49,2892.22,0.73,306.75,2282.91,2380832.49,2025-07-07,Hola,-1.5,40.0333,Kenya,shelf-stable,2
2012,Foodservice,fresh meat & seafood,93355.59,2305.23,2003.58,2249.11,0.57,238.54,1775.28,2380833.49,2025-05-26,Mwatate,-3.5047,38.3778,Kenya,refrigerated,3
2012,Foodservice,ready-to-drink beverages,495534.3,12236.26,8781.21,11877.1,3.59,3013.18,7547.62,2380861.49,2025-11-13,Ngong,-1.3667,36.6333,Kenya,shelf-stable,7
2012,Foodservice,breads & bakery,65410.24,1544.89,1289.22,1505.51,0.4,210.29,1150.2,2380862.49,2025-09-30,Mumias,0.3333,34.4833,Kenya,perishable,0
2012,Foodservice,dairy & eggs,97730.55,2308.25,1926.25,2249.41,0.59,314.2,1718.54,2380863.49,2025-08-19,Thika,-1.0396,37.09,Kenya,refrigerated,1
2012,Foodservice,dry goods,214910.32,5075.86,4235.84,4946.47,1.3,690.93,3779.09,2380864.49,2025-07-07,Nyeri,-0.4167,36.95,Kenya,shelf-stable,2
2012,Foodservice,fresh meat & seafood,167123.0,3947.2,3293.96,3846.58,1.01,537.29,2938.77,2380865.49,2025-05-26,Kakamega,0.2822,34.754,Kenya,refrigerated,3
2012,Retail,ready-to-drink beverages,14738715.1,706798.0,321875.95,531085.42,44242.88,164966.59,270697.15,2380893.49,2025-11-13,Kerugoya,-0.5,37.2833,Kenya,shelf-stable,7
2011,Farm,dry goods,4401329.24,885636.12,783203.93,865724.64,0.0,0.0,16752.49,2380894.49,2025-09-30,Kwale,-4.1744,39.4603,Kenya,shelf-stable,2
2011,Farm,produce,100337645.1,15579013.55,13691358.62,15336883.33,0.0,0.0,174563.35,2380895.49,2025-08-19,Hola,-1.5,40.0333,Kenya,perishable,6
2011,Foodservice,breads & bakery,26051.01,615.29,529.38,600.13,0.15,68.75,473.68,2380896.49,2025-07-07,Mwatate,-3.5047,38.3778,Kenya,perishable,0
2011,Foodservice,dairy & eggs,12392.77,292.7,251.83,285.49,0.07,32.7,225.34,2380897.49,2025-05-26,Kabarnet,0.494,35.744,Kenya,refrigerated,1
2011,Foodservice,prepared foods,0.0,189002.34,154278.26,186276.11,2830.93,28138.55,135565.11,2380925.49,2025-11-13,Mumias,0.3333,34.4833,Kenya,refrigerated,5
2011,Foodservice,produce,248255.43,5747.63,4601.34,5594.67,1.54,966.22,4042.19,2380926.49,2025-09-30,Thika,-1.0396,37.09,Kenya,perishable,6
2011,Foodservice,ready-to-drink beverages,162219.12,3755.71,3006.68,3655.76,1.0,631.37,2641.32,2380927.49,2025-08-19,Nyeri,-0.4167,36.95,Kenya,shelf-stable,7
2011,Foodservice,breads & bakery,39067.02,904.48,731.65,880.66,0.24,144.93,648.84,2380928.49,2025-07-07,Kakamega,0.2822,34.754,Kenya,perishable,0
2011,Foodservice,dairy & eggs,58370.7,1351.4,1093.18,1315.81,0.36,216.54,969.44,2380929.49,2025-05-26,Wajir,1.75,40.05,Kenya,refrigerated,1
2011,Foodservice,ready-to-drink beverages,166576.94,3934.3,3393.79,3837.66,0.98,431.32,3107.88,2380957.49,2025-11-13,Kwale,-4.1744,39.4603,Kenya,shelf-stable,7
2011,Foodservice,breads & bakery,109561.76,2587.69,2209.38,2523.37,0.65,305.18,1995.92,2380958.49,2025-09-30,Hola,-1.5,40.0333,Kenya,perishable,0
2011,Foodservice,dairy & eggs,215031.92,5078.73,4336.25,4952.51,1.27,598.95,3917.31,2380959.49,2025-08-19,Mwatate,-3.5047,38.3778,Kenya,refrigerated,1
2011,Foodservice,dry goods,706982.36,16697.87,14256.74,16282.87,4.19,1969.25,12879.33,2380960.49,2025-07-07,Kabarnet,0.494,35.744,Kenya,shelf-stable,2
2011,Foodservice,fresh meat & seafood,231427.72,5465.98,4666.88,5330.13,1.37,644.62,4216.0,2380961.49,2025-05-26,Migori,-1.0634,34.4731,Kenya,refrigerated,3
2011,Foodservice,breads & bakery,22825.27,539.1,477.57,526.27,0.13,47.29,428.26,2380989.49,2025-11-13,Thika,-1.0396,37.09,Kenya,perishable,0
2011,Foodservice,dairy & eggs,59053.48,1394.75,1235.58,1361.57,0.34,122.34,1108.0,2380990.49,2025-09-30,Nyeri,-0.4167,36.95,Kenya,refrigerated,1
2011,Foodservice,dry goods,153493.3,3625.28,3211.55,3539.02,0.87,317.99,2879.95,2380991.49,2025-08-19,Kakamega,0.2822,34.754,Kenya,shelf-stable,2
2011,Foodservice,fresh meat & seafood,227248.94,5367.28,4754.74,5239.57,1.29,470.78,4263.8,2380992.49,2025-07-07,Wajir,1.75,40.05,Kenya,refrigerated,3
2011,Foodservice,prepared foods,0.0,275413.43,248887.4,274813.08,3009.66,22760.22,223325.36,2380993.49,2025-05-26,Ukunda,-4.2875,39.5661,Kenya,refrigerated,5
2011,Foodservice,dairy & eggs,69900.21,1439.94,1175.46,1402.37,0.38,220.68,1021.16,2381021.49,2025-11-13,Hola,-1.5,40.0333,Kenya,refrigerated,1
2011,Foodservice,dry goods,153711.18,3166.45,2584.85,3083.83,0.83,485.27,2245.54,2381022.49,2025-09-30,Mwatate,-3.5047,38.3778,Kenya,shelf-stable,2
2011,Foodservice,fresh meat & seafood,119532.06,2462.36,2010.09,2398.11,0.65,377.37,1746.22,2381023.49,2025-08-19,Kabarnet,0.494,35.744,Kenya,refrigerated,3
2011,Foodservice,frozen,7062.57,145.49,118.77,141.69,0.04,22.3,103.18,2381024.49,2025-07-07,Migori,-1.0634,34.4731,Kenya,frozen,4
2011,Foodservice,prepared foods,0.0,113450.24,93908.51,113138.84,2173.47,17008.32,81606.8,2381025.49,2025-05-26,Nyamira,-0.521,34.914,Kenya,refrigerated,5
2011,Foodservice,ready-to-drink beverages,104255.53,2462.36,2015.85,2398.3,0.64,371.93,1781.15,2381053.49,2025-11-13,Nyeri,-0.4167,36.95,Kenya,shelf-stable,7
2011,Foodservice,breads & bakery,658238.04,15546.6,13176.06,15156.99,3.93,1925.55,12059.96,2381054.49,2025-09-30,Kakamega,0.2822,34.754,Kenya,perishable,0
2011,Foodservice,dairy & eggs,1675260.17,39567.14,33533.97,38575.55,10.0,4900.66,30693.41,2381055.49,2025-08-19,Wajir,1.75,40.05,Kenya,refrigerated,1
2011,Foodservice,dry goods,583042.67,13770.6,11670.87,13425.49,3.48,1705.58,10682.26,2381056.49,2025-07-07,Ukunda,-4.2875,39.5661,Kenya,shelf-stable,2
2011,Foodservice,fresh meat & seafood,902481.53,21315.27,18065.13,20781.08,5.39,2640.04,16534.89,2381057.49,2025-05-26,Nandi Hills,0.1003,35.1764,Kenya,refrigerated,3
2011,Foodservice,dairy & eggs,101820.31,2404.84,2028.43,2344.25,0.61,307.02,1803.14,2381085.49,2025-11-13,Mwatate,-3.5047,38.3778,Kenya,refrigerated,1
2011,Foodservice,dry goods,105335.59,2487.87,2098.46,2425.19,0.63,317.62,1865.39,2381086.49,2025-09-30,Kabarnet,0.494,35.744,Kenya,shelf-stable,2
2011,Foodservice,fresh meat & seafood,26787.74,632.69,533.66,616.75,0.16,80.77,474.39,2381087.49,2025-08-19,Migori,-1.0634,34.4731,Kenya,refrigerated,3
2011,Foodservice,frozen,108402.5,2560.31,2159.55,2495.8,0.65,326.87,1919.7,2381088.49,2025-07-07,Nyamira,-0.521,34.914,Kenya,frozen,4
2011,Foodservice,prepared foods,0.0,33319.31,28723.56,32675.37,233.68,3490.69,25533.16,2381089.49,2025-05-26,Sotik Post,-0.7813,35.3416,Kenya,refrigerated,5
2011,Foodservice,prepared foods,0.0,728418.22,614180.69,727543.72,13573.93,99661.71,548106.11,2381117.49,2025-11-13,Kakamega,0.2822,34.754,Kenya,refrigerated,5
2011,Foodservice,produce,323399.9,7638.22,6339.62,7442.38,1.97,1072.26,5656.42,2381118.49,2025-09-30,Wajir,1.75,40.05,Kenya,perishable,6
2011,Foodservice,ready-to-drink beverages,211321.25,4991.09,4142.54,4863.12,1.29,700.65,3696.11,2381119.49,2025-08-19,Ukunda,-4.2875,39.5661,Kenya,shelf-stable,7
2011,Foodservice,breads & bakery,35816.06,884.41,768.41,862.87,0.22,91.77,681.98,2381120.49,2025-07-07,Nandi Hills,0.1003,35.1764,Kenya,perishable,0
2011,Foodservice,dairy & eggs,53513.39,1321.41,1148.09,1289.22,0.33,137.12,1018.95,2381121.49,2025-05-26,Narok,-1.0833,35.8667,Kenya,refrigerated,1
2011,Foodservice,prepared foods,0.0,348332.91,255735.14,337558.31,5348.33,72109.21,219633.54,2381149.49,2025-11-13,Kabarnet,0.494,35.744,Kenya,refrigerated,5
2011,Foodservice,produce,745156.13,18400.18,13188.03,17859.55,5.4,4546.74,11331.47,2381150.49,2025-09-30,Migori,-1.0634,34.4731,Kenya,perishable,6
2011,Foodservice,ready-to-drink beverages,486912.11,12023.35,8617.54,11670.08,3.53,2971.01,7404.4,2381151.49,2025-08-19,Nyamira,-0.521,34.914,Kenya,shelf-stable,7
2011,Foodservice,breads & bakery,63867.84,1508.46,1269.52,1470.36,0.38,195.25,1118.87,2381152.49,2025-07-07,Sotik Post,-0.7813,35.3416,Kenya,perishable,0
2011,Foodservice,dairy & eggs,95426.02,2253.82,1896.81,2196.9,0.57,291.73,1671.73,2381153.49,2025-05-26,Murang’A,-0.7167,37.15,Kenya,refrigerated,1
2011,Retail,prepared foods,3864020.62,184462.91,64564.9,149216.83,8874.65,33090.55,53624.34,2381181.49,2025-11-13,Wajir,1.75,40.05,Kenya,refrigerated,5
2011,Retail,produce,25148053.52,3286213.1,1150226.0,2658302.95,158102.25,589509.3,972927.19,2381182.49,2025-09-30,Ukunda,-4.2875,39.5661,Kenya,perishable,6
2011,Retail,ready-to-drink beverages,14298322.33,685605.23,312224.76,515161.25,42916.29,160020.2,262567.67,2381183.49,2025-08-19,Nandi Hills,0.1003,35.1764,Kenya,shelf-stable,7
2010,Farm,dry goods,4596472.93,829773.69,723885.77,809190.45,0.0,0.0,17431.36,2381184.49,2025-07-07,Narok,-1.0833,35.8667,Kenya,shelf-stable,2
2010,Farm,produce,99462677.67,15528713.39,13691963.3,15294237.43,0.0,0.0,168067.85,2381185.49,2025-05-26,Embu,-0.5389,37.4583,Kenya,perishable,6
2010,Foodservice,fresh meat & seafood,295075.29,6831.61,5459.69,6649.49,1.83,1157.34,4793.62,2381213.49,2025-11-13,Migori,-1.0634,34.4731,Kenya,refrigerated,3
2010,Foodservice,frozen,17434.57,403.65,322.59,392.89,0.11,68.38,283.23,2381214.49,2025-09-30,Nyamira,-0.521,34.914,Kenya,frozen,4
2010,Foodservice,prepared foods,0.0,182688.73,148863.73,180036.97,2758.01,27413.39,130735.22,2381215.49,2025-08-19,Sotik Post,-0.7813,35.3416,Kenya,refrigerated,5
2010,Foodservice,produce,239962.48,5555.63,4439.95,5407.53,1.49,941.18,3898.29,2381216.49,2025-07-07,Murang’A,-0.7167,37.15,Kenya,perishable,6
2010,Foodservice,ready-to-drink beverages,156800.21,3630.25,2901.23,3533.48,0.97,615.0,2547.28,2381217.49,2025-05-26,Siaya,0.0667,34.2833,Kenya,shelf-stable,7
2010,Foodservice,prepared foods,0.0,631699.46,555326.61,629732.74,8501.69,65290.67,508618.5,2381245.49,2025-11-13,Ukunda,-4.2875,39.5661,Kenya,refrigerated,5
2010,Foodservice,produce,261097.33,6166.73,5319.52,6015.26,1.53,676.07,4871.38,2381246.49,2025-09-30,Nandi Hills,0.1003,35.1764,Kenya,perishable,6
2010,Foodservice,ready-to-drink beverages,169093.81,3993.74,3445.07,3895.65,0.99,437.84,3154.84,2381247.49,2025-08-19,Narok,-1.0833,35.8667,Kenya,shelf-stable,7
2010,Foodservice,breads & bakery,111255.45,2627.69,2243.53,2562.38,0.66,309.89,2026.78,2381248.49,2025-07-07,Embu,-0.5389,37.4583,Kenya,perishable,0
2010,Foodservice,dairy & eggs,218356.04,5157.24,4403.28,5029.07,1.29,608.21,3977.86,2381249.49,2025-05-26,Kitale,1.0167,35.0,Kenya,refrigerated,1
2010,Foodservice,produce,215854.59,5098.16,4650.25,4981.28,1.19,320.99,4126.17,2381277.49,2025-11-13,Nyamira,-0.521,34.914,Kenya,perishable,6
2010,Foodservice,ready-to-drink beverages,92844.42,2192.85,2000.19,2142.57,0.51,138.07,1774.77,2381278.49,2025-09-30,Sotik Post,-0.7813,35.3416,Kenya,shelf-stable,7
2010,Foodservice,breads & bakery,23169.8,547.24,484.78,534.22,0.13,48.0,434.73,2381279.49,2025-08-19,Murang’A,-0.7167,37.15,Kenya,perishable,0
2010,Foodservice,dairy & eggs,59944.85,1415.81,1254.23,1382.12,0.34,124.19,1124.73,2381280.49,2025-07-07,Siaya,0.0667,34.2833,Kenya,refrigerated,1
2010,Foodservice,dry goods,155810.19,3680.0,3260.02,3592.44,0.89,322.79,2923.42,2381281.49,2025-05-26,Kapenguria,1.2333,35.1167,Kenya,shelf-stable,2
2010,Foodservice,ready-to-drink beverages,79369.66,1635.01,1389.57,1594.17,0.41,198.87,1202.89,2381309.49,2025-11-13,Nandi Hills,0.1003,35.1764,Kenya,shelf-stable,7
2010,Foodservice,breads & bakery,45903.1,945.6,773.65,920.99,0.25,143.29,672.19,2381310.49,2025-09-30,Narok,-1.0833,35.8667,Kenya,perishable,0
2010,Foodservice,dairy & eggs,68584.6,1412.84,1155.92,1376.06,0.37,214.09,1004.33,2381311.49,2025-08-19,Embu,-0.5389,37.4583,Kenya,refrigerated,1
2010,Foodservice,dry goods,150818.13,3106.85,2541.88,3025.98,0.81,470.78,2208.52,2381312.49,2025-07-07,Kitale,1.0167,35.0,Kenya,shelf-stable,2
2010,Foodservice,fresh meat & seafood,117282.31,2416.01,1976.67,2353.12,0.63,366.1,1717.43,2381313.49,2025-05-26,Wundanyi,-3.3983,38.3603,Kenya,refrigerated,3
2010,Foodservice,prepared foods,0.0,69280.18,57992.39,68093.97,797.09,8845.58,51238.33,2381341.49,2025-11-13,Sotik Post,-0.7813,35.3416,Kenya,refrigerated,5
2010,Foodservice,produce,87467.32,2065.85,1691.24,2012.11,0.54,312.04,1494.33,2381342.49,2025-09-30,Murang’A,-0.7167,37.15,Kenya,perishable,6
2010,Foodservice,ready-to-drink beverages,102513.04,2421.2,1982.16,2358.22,0.63,365.72,1751.38,2381343.49,2025-08-19,Siaya,0.0667,34.2833,Kenya,shelf-stable,7
2010,Foodservice,breads & bakery,647162.37,15285.01,12954.36,14901.95,3.86,1893.15,11857.04,2381344.49,2025-07-07,Kapenguria,1.2333,35.1167,Kenya,perishable,0
2010,Foodservice,dairy & eggs,1647071.86,38901.38,32969.72,37926.47,9.83,4818.2,30176.95,2381345.49,2025-05-26,Ol Kalou,-0.273,36.378,Kenya,refrigerated,1
2010,Foodservice,ready-to-drink beverages,8919.9,210.67,171.91,205.18,0.06,32.35,159.34,2381373.49,2025-11-13,Narok,-1.0833,35.8667,Kenya,shelf-stable,7
2010,Foodservice,breads & bakery,31183.86,736.52,621.23,717.96,0.19,94.03,552.24,2381374.49,2025-09-30,Embu,-0.5389,37.4583,Kenya,perishable,0
2010,Foodservice,dairy & eggs,100116.27,2364.6,1994.48,2305.02,0.6,301.88,1772.96,2381375.49,2025-08-19,Kitale,1.0167,35.0,Kenya,refrigerated,1
2010,Foodservice,dry goods,103572.72,2446.23,2063.34,2384.6,0.62,312.31,1834.17,2381376.49,2025-07-07,Wundanyi,-3.3983,38.3603,Kenya,shelf-stable,2
2010,Foodservice,fresh meat & seafood,26339.43,622.1,524.72,606.42,0.16,79.42,466.45,2381377.49,2025-05-26,El Wak,2.8028,40.9275,Kenya,refrigerated,3
2010,Foodservice,fresh meat & seafood,379994.44,8974.9,7435.16,8744.32,2.32,1272.99,6632.75,2381405.49,2025-11-13,Murang’A,-0.7167,37.15,Kenya,refrigerated,3
2010,Foodservice,frozen,22452.03,530.28,439.31,516.66,0.14,75.21,391.9,2381406.49,2025-09-30,Siaya,0.0667,34.2833,Kenya,frozen,4
2010,Foodservice,prepared foods,0.0,696031.12,585715.84,695193.83,13108.84,96246.2,522611.56,2381407.49,2025-08-19,Kapenguria,1.2333,35.1167,Kenya,refrigerated,5
2010,Foodservice,produce,309020.82,7298.61,6046.45,7111.1,1.89,1035.22,5393.92,2381408.49,2025-07-07,Ol Kalou,-0.273,36.378,Kenya,perishable,6
2010,Foodservice,ready-to-drink beverages,201925.44,4769.18,3950.97,4646.65,1.23,676.45,3524.58,2381409.49,2025-05-26,Nairobi,-1.2864,36.8172,Kenya,shelf-stable,7
2010,Foodservice,fresh meat & seafood,921640.55,22758.12,16311.51,22089.45,6.68,5623.6,14015.24,2381437.49,2025-11-13,Embu,-0.5389,37.4583,Kenya,refrigerated,3
2010,Foodservice,frozen,54455.28,1344.67,963.77,1305.16,0.39,332.27,828.09,2381438.49,2025-09-30,Kitale,1.0167,35.0,Kenya,frozen,4
2010,Foodservice,prepared foods,0.0,350363.86,257226.21,339526.45,5379.51,72529.64,220914.11,2381439.49,2025-08-19,Wundanyi,-3.3983,38.3603,Kenya,refrigerated,5
2010,Foodservice,produce,749500.76,18507.46,13264.92,17963.68,5.44,4573.25,11397.54,2381440.49,2025-07-07,El Wak,2.8028,40.9275,Kenya,perishable,6
2010,Foodservice,ready-to-drink beverages,489751.04,12093.45,8667.78,11738.12,3.55,2988.33,7447.57,2381441.49,2025-05-26,Wote,-1.7833,37.6333,Kenya,shelf-stable,7
2010,Retail,fresh meat & seafood,10204863.96,443489.75,151820.06,357748.43,21588.91,80497.67,134743.51,2381469.49,2025-11-13,Siaya,0.0667,34.2833,Kenya,refrigerated,3
2010,Retail,frozen,13258202.04,612625.91,214428.65,495568.98,29473.91,109898.13,180565.35,2381470.49,2025-09-30,Kapenguria,1.2333,35.1167,Kenya,frozen,4
2010,Retail,prepared foods,3758004.64,179003.98,62654.19,144800.96,8612.02,32111.28,52020.37,2381471.49,2025-08-19,Ol Kalou,-0.273,36.378,Kenya,refrigerated,5
2010,Retail,produce,24719165.36,3099502.18,1084874.26,2507267.64,149119.44,556015.48,917634.41,2381472.49,2025-07-07,Kapenguria,1.2333,35.1167,Kenya,perishable,6
2010,Retail,ready-to-drink beverages,13872145.9,665089.18,302881.74,499745.56,41632.07,155231.76,254698.1,2381473.49,2025-05-26,Ol Kalou,-0.273,36.378,Kenya,shelf-stable,7
